shapeid,partid,x,y,gid,id,zona,nome_zona,X_for,Y_for
6,,-48.5196754063699,-27.6010531555127,""999"",999.000000000000000,""999"",UFSC,-48.519000,-27.601000